,0
0,images/00000030_001.png
1,images/00000175_001.png
2,images/00000175_002.png
3,images/00000642_000.png
4,images/00000816_000.png
5,images/00000957_001.png
6,images/00000963_011.png
7,images/00001153_004.png
8,images/00001270_005.png
9,images/00001301_021.png
10,images/00001698_004.png
11,images/00001797_002.png
12,images/00001982_000.png
13,images/00002032_004.png
14,images/00002243_007.png
15,images/00002484_002.png
16,images/00002491_004.png
17,images/00002553_000.png
18,images/00002570_004.png
19,images/00002611_010.png
20,images/00002927_002.png
21,images/00003230_012.png
22,images/00003446_000.png
23,images/00003501_002.png
24,images/00003516_003.png
25,images/00003529_002.png
26,images/00003573_003.png
27,images/00003787_002.png
28,images/00003843_000.png
29,images/00003919_001.png
30,images/00004006_026.png
31,images/00004091_000.png
32,images/00004188_008.png
33,images/00004209_002.png
34,images/00004428_002.png
35,images/00004656_002.png
36,images/00004717_000.png
37,images/00004746_025.png
38,images/00004809_003.png
39,images/00004822_025.png
40,images/00004867_000.png
41,images/00004893_022.png
42,images/00004893_036.png
43,images/00004937_002.png
44,images/00005254_008.png
45,images/00005365_002.png
46,images/00005372_005.png
47,images/00005537_012.png
48,images/00005538_001.png
49,images/00005726_007.png
50,images/00005742_001.png
51,images/00005835_004.png
52,images/00005982_002.png
53,images/00006102_003.png
54,images/00006281_002.png
55,images/00006300_000.png
56,images/00006514_000.png
57,images/00006695_002.png
58,images/00006968_004.png
59,images/00006973_008.png
60,images/00007195_003.png
61,images/00007340_000.png
62,images/00007500_001.png
63,images/00007779_004.png
64,images/00007806_000.png
65,images/00008253_001.png
66,images/00008287_002.png
67,images/00008518_001.png
68,images/00008584_000.png
69,images/00008727_013.png
70,images/00008897_001.png
71,images/00009256_005.png
72,images/00009574_017.png
73,images/00009710_004.png
74,images/00009710_010.png
75,images/00010007_164.png
76,images/00010352_035.png
77,images/00010481_021.png
78,images/00010749_000.png
79,images/00010914_009.png
80,images/00010926_000.png
81,images/00011495_004.png
82,images/00011669_001.png
83,images/00011678_000.png
84,images/00012045_039.png
85,images/00012144_022.png
86,images/00012430_000.png
87,images/00012589_002.png
88,images/00012625_006.png
89,images/00012626_012.png
90,images/00012756_000.png
91,images/00012903_005.png
92,images/00013198_000.png
93,images/00013606_000.png
94,images/00013615_019.png
95,images/00013686_000.png
96,images/00013844_004.png
97,images/00013917_056.png
98,images/00013934_000.png
99,images/00014034_015.png
100,images/00014034_017.png
101,images/00014172_004.png
102,images/00014223_028.png
103,images/00014253_022.png
104,images/00014958_014.png
105,images/00015045_002.png
106,images/00015170_003.png
107,images/00015229_000.png
108,images/00015414_015.png
109,images/00015448_002.png
110,images/00015679_004.png
111,images/00015715_001.png
112,images/00015721_005.png
113,images/00015721_009.png
114,images/00015758_000.png
115,images/00015814_003.png
116,images/00016332_002.png
117,images/00016590_000.png
118,images/00016618_008.png
119,images/00016620_007.png
120,images/00016867_005.png
121,images/00017214_003.png
122,images/00017267_001.png
123,images/00017618_002.png
124,images/00017643_003.png
125,images/00017731_005.png
126,images/00017835_008.png
127,images/00017835_010.png
128,images/00017907_000.png
129,images/00017920_018.png
130,images/00018175_026.png
131,images/00018254_018.png
132,images/00018258_001.png
133,images/00018419_001.png
134,images/00018462_001.png
135,images/00018642_005.png
136,images/00018936_003.png
137,images/00018944_012.png
138,images/00019021_002.png
139,images/00019092_013.png
140,images/00019216_003.png
141,images/00019322_000.png
142,images/00019706_016.png
143,images/00019785_000.png
144,images/00020190_002.png
145,images/00020361_000.png
146,images/00020408_045.png
147,images/00020529_000.png
148,images/00020601_002.png
149,images/00020857_002.png
150,images/00020966_000.png
151,images/00020979_007.png
152,images/00021188_012.png
153,images/00021303_002.png
154,images/00021347_000.png
155,images/00021377_018.png
156,images/00021484_002.png
157,images/00021565_002.png
158,images/00021610_000.png
159,images/00022098_010.png
160,images/00022245_003.png
161,images/00022276_000.png
162,images/00022539_000.png
163,images/00022596_006.png
164,images/00023269_003.png
165,images/00023313_000.png
166,images/00023315_000.png
167,images/00025119_006.png
168,images/00025358_000.png
169,images/00025461_001.png
170,images/00025580_011.png
171,images/00026099_043.png
172,images/00026139_002.png
173,images/00026320_003.png
174,images/00026400_000.png
175,images/00027028_002.png
176,images/00027168_000.png
177,images/00027229_000.png
178,images/00027285_002.png
179,images/00027648_004.png
180,images/00027735_001.png
181,images/00028410_000.png
182,images/00028518_003.png
183,images/00028924_004.png
184,images/00029464_001.png
185,images/00029679_000.png
186,images/00030059_006.png
187,images/00030247_010.png
188,images/00030284_000.png
189,images/00030410_000.png
190,images/00030434_000.png
191,images/00030695_002.png
192,images/00001249_010.png
193,images/00001373_009.png
194,images/00001373_021.png
195,images/00001373_026.png
196,images/00001385_004.png
197,images/00003395_005.png
198,images/00003989_024.png
199,images/00004251_000.png
200,images/00004342_020.png
201,images/00004344_043.png
202,images/00004526_007.png
203,images/00004606_000.png
204,images/00004822_007.png
205,images/00005066_065.png
206,images/00005641_001.png
207,images/00006296_006.png
208,images/00006537_000.png
209,images/00006808_035.png
210,images/00006875_008.png
211,images/00007157_011.png
212,images/00007729_000.png
213,images/00007945_000.png
214,images/00008002_000.png
215,images/00008871_001.png
216,images/00009156_000.png
217,images/00009595_000.png
218,images/00010448_000.png
219,images/00011140_015.png
220,images/00011463_000.png
221,images/00011553_015.png
222,images/00011749_000.png
223,images/00011949_000.png
224,images/00013257_001.png
225,images/00013557_016.png
226,images/00013685_006.png
227,images/00014365_000.png
228,images/00015425_012.png
229,images/00016414_000.png
230,images/00016926_003.png
231,images/00017417_000.png
232,images/00018837_000.png
233,images/00019486_000.png
234,images/00022741_000.png
235,images/00022931_000.png
236,images/00024107_000.png
237,images/00026136_003.png
238,images/00026357_000.png
239,images/00028873_004.png
240,images/00029043_002.png
241,images/00029510_000.png
242,images/00000116_019.png
243,images/00000242_000.png
244,images/00001255_033.png
245,images/00002048_013.png
246,images/00002425_000.png
247,images/00002718_004.png
248,images/00002892_007.png
249,images/00004360_023.png
250,images/00004798_008.png
251,images/00006008_001.png
252,images/00006271_096.png
253,images/00006517_003.png
254,images/00007007_001.png
255,images/00007322_015.png
256,images/00007322_016.png
257,images/00008397_003.png
258,images/00008701_049.png
259,images/00008962_001.png
260,images/00009365_026.png
261,images/00009727_021.png
262,images/00010007_157.png
263,images/00010007_169.png
264,images/00010294_006.png
265,images/00010828_032.png
266,images/00011062_005.png
267,images/00011237_087.png
268,images/00011925_019.png
269,images/00012576_014.png
270,images/00012625_003.png
271,images/00012628_015.png
272,images/00013003_005.png
273,images/00013471_003.png
274,images/00013615_042.png
275,images/00013670_135.png
276,images/00013670_154.png
277,images/00013774_000.png
278,images/00014022_073.png
279,images/00014398_017.png
280,images/00015045_018.png
281,images/00015606_008.png
282,images/00015770_035.png
283,images/00016059_000.png
284,images/00016410_058.png
285,images/00016778_017.png
286,images/00016972_004.png
287,images/00017710_006.png
288,images/00018052_003.png
289,images/00018224_009.png
290,images/00018251_014.png
291,images/00018626_003.png
292,images/00018627_002.png
293,images/00019176_035.png
294,images/00019363_017.png
295,images/00019395_011.png
296,images/00019750_018.png
297,images/00019785_022.png
298,images/00020213_034.png
299,images/00021114_004.png
300,images/00022572_045.png
301,images/00023085_006.png
302,images/00025445_000.png
303,images/00025752_001.png
304,images/00025958_001.png
305,images/00026050_009.png
306,images/00026132_010.png
307,images/00026374_009.png
308,images/00027017_002.png
309,images/00029165_008.png
310,images/00030079_032.png
311,images/00030167_001.png
312,images/00030410_002.png
313,images/00030636_012.png
314,images/00001249_002.png
315,images/00001301_020.png
316,images/00001504_009.png
317,images/00002412_000.png
318,images/00002533_003.png
319,images/00004090_002.png
320,images/00004338_002.png
321,images/00004659_000.png
322,images/00005682_006.png
323,images/00006160_001.png
324,images/00009932_001.png
325,images/00011632_003.png
326,images/00011794_004.png
327,images/00011985_008.png
328,images/00013176_005.png
329,images/00013447_010.png
330,images/00013807_005.png
331,images/00014029_004.png
332,images/00014081_002.png
333,images/00014785_005.png
334,images/00015264_003.png
335,images/00015376_024.png
336,images/00015606_006.png
337,images/00015650_000.png
338,images/00015799_007.png
339,images/00015833_002.png
340,images/00016293_004.png
341,images/00018251_006.png
342,images/00018724_008.png
343,images/00018724_013.png
344,images/00018724_014.png
345,images/00018867_016.png
346,images/00018867_024.png
347,images/00021277_033.png
348,images/00021942_006.png
349,images/00022442_002.png
350,images/00025252_048.png
351,images/00027045_002.png
352,images/00027355_005.png
353,images/00027355_009.png
354,images/00027782_002.png
355,images/00000061_002.png
356,images/00000084_000.png
357,images/00000096_006.png
358,images/00000099_003.png
359,images/00000127_007.png
360,images/00000632_011.png
361,images/00000742_000.png
362,images/00000814_005.png
363,images/00001248_017.png
364,images/00001301_047.png
365,images/00001483_014.png
366,images/00001483_022.png
367,images/00001558_008.png
368,images/00001650_011.png
369,images/00001775_001.png
370,images/00001816_001.png
371,images/00001847_004.png
372,images/00002300_004.png
373,images/00002395_007.png
374,images/00002524_013.png
375,images/00003028_004.png
376,images/00003230_000.png
377,images/00003361_005.png
378,images/00003382_008.png
379,images/00003719_006.png
380,images/00003957_002.png
381,images/00003995_000.png
382,images/00004066_005.png
383,images/00004121_004.png
384,images/00004163_003.png
385,images/00004281_000.png
386,images/00004360_002.png
387,images/00004461_015.png
388,images/00004605_019.png
389,images/00004850_008.png
390,images/00004911_033.png
391,images/00005026_015.png
392,images/00005200_001.png
393,images/00005372_009.png
394,images/00005493_001.png
395,images/00005499_003.png
396,images/00005504_013.png
397,images/00005759_010.png
398,images/00006212_005.png
399,images/00006318_006.png
400,images/00006626_006.png
401,images/00006667_001.png
402,images/00006741_000.png
403,images/00007034_016.png
404,images/00007034_048.png
405,images/00007078_002.png
406,images/00007138_011.png
407,images/00007285_004.png
408,images/00007322_012.png
409,images/00007339_003.png
410,images/00007485_000.png
411,images/00007735_041.png
412,images/00008295_012.png
413,images/00008499_004.png
414,images/00008777_002.png
415,images/00008888_050.png
416,images/00009297_013.png
417,images/00009321_008.png
418,images/00009365_024.png
419,images/00009386_006.png
420,images/00009465_002.png
421,images/00009608_014.png
422,images/00009633_000.png
423,images/00009709_010.png
424,images/00009845_055.png
425,images/00009934_001.png
426,images/00009992_002.png
427,images/00010172_000.png
428,images/00010314_002.png
429,images/00010548_003.png
430,images/00010585_015.png
431,images/00010613_014.png
432,images/00010700_002.png
433,images/00010772_007.png
434,images/00010805_036.png
435,images/00010850_001.png
436,images/00010870_000.png
437,images/00010953_000.png
438,images/00010973_008.png
439,images/00010992_009.png
440,images/00011104_011.png
441,images/00011380_020.png
442,images/00011548_019.png
443,images/00011597_003.png
444,images/00011654_004.png
445,images/00011702_075.png
446,images/00011770_004.png
447,images/00011890_001.png
448,images/00012021_058.png
449,images/00012043_004.png
450,images/00012045_008.png
451,images/00012132_002.png
452,images/00012794_001.png
453,images/00012834_035.png
454,images/00012863_001.png
455,images/00012874_017.png
456,images/00012993_015.png
457,images/00013154_000.png
458,images/00013285_015.png
459,images/00013370_003.png
460,images/00013392_001.png
461,images/00013424_004.png
462,images/00013576_005.png
463,images/00013601_008.png
464,images/00013608_011.png
465,images/00013613_027.png
466,images/00013708_001.png
467,images/00013736_000.png
468,images/00013765_008.png
469,images/00013849_007.png
470,images/00014253_051.png
471,images/00014398_039.png
472,images/00014475_001.png
473,images/00014688_002.png
474,images/00014771_005.png
475,images/00014906_004.png
476,images/00015236_000.png
477,images/00015556_014.png
478,images/00015647_003.png
479,images/00015732_026.png
480,images/00015732_030.png
481,images/00015895_007.png
482,images/00015895_016.png
483,images/00016142_050.png
484,images/00016211_007.png
485,images/00016291_002.png
486,images/00016429_021.png
487,images/00016522_022.png
488,images/00016574_001.png
489,images/00016732_018.png
490,images/00016739_000.png
491,images/00017004_005.png
492,images/00017036_020.png
493,images/00017137_003.png
494,images/00017188_000.png
495,images/00017541_020.png
496,images/00017632_000.png
497,images/00017651_005.png
498,images/00017753_031.png
499,images/00017830_002.png
500,images/00017947_018.png
501,images/00018019_013.png
502,images/00018091_016.png
503,images/00018356_005.png
504,images/00018427_008.png
505,images/00018521_011.png
506,images/00018555_003.png
507,images/00019006_004.png
508,images/00019235_000.png
509,images/00019484_005.png
510,images/00019594_002.png
511,images/00019594_003.png
512,images/00019829_000.png
513,images/00020326_021.png
514,images/00020326_097.png
515,images/00020373_004.png
516,images/00020671_000.png
517,images/00020781_005.png
518,images/00020918_000.png
519,images/00021065_002.png
520,images/00021201_021.png
521,images/00021201_113.png
522,images/00021457_033.png
523,images/00021461_000.png
524,images/00021796_011.png
525,images/00021840_022.png
526,images/00022290_018.png
527,images/00022335_011.png
528,images/00022416_068.png
529,images/00022481_008.png
530,images/00022599_000.png
531,images/00022780_000.png
532,images/00022883_006.png
533,images/00025543_011.png
534,images/00025707_009.png
535,images/00025746_005.png
536,images/00025839_019.png
537,images/00026167_009.png
538,images/00026341_003.png
539,images/00026346_018.png
540,images/00027338_000.png
541,images/00027420_002.png
542,images/00027657_003.png
543,images/00027725_018.png
544,images/00027726_060.png
545,images/00028509_010.png
546,images/00028628_006.png
547,images/00028628_010.png
548,images/00028725_001.png
549,images/00028811_007.png
550,images/00028961_003.png
551,images/00028974_009.png
552,images/00028974_020.png
553,images/00029088_004.png
554,images/00029401_002.png
555,images/00029567_001.png
556,images/00029755_003.png
557,images/00030634_000.png
558,images/00000243_001.png
559,images/00000359_002.png
560,images/00000682_001.png
561,images/00001047_002.png
562,images/00001833_005.png
563,images/00002524_032.png
564,images/00002649_013.png
565,images/00005476_002.png
566,images/00006024_010.png
567,images/00006673_000.png
568,images/00008168_009.png
569,images/00008841_017.png
570,images/00008911_028.png
571,images/00009845_026.png
572,images/00012882_000.png
573,images/00013031_006.png
574,images/00013111_065.png
575,images/00013592_003.png
576,images/00014393_001.png
577,images/00014849_004.png
578,images/00015212_006.png
579,images/00015530_065.png
580,images/00015646_000.png
581,images/00015646_034.png
582,images/00016122_005.png
583,images/00017266_003.png
584,images/00017747_002.png
585,images/00019549_004.png
586,images/00020405_008.png
587,images/00021112_005.png
588,images/00021441_001.png
589,images/00022633_000.png
590,images/00023078_007.png
591,images/00023156_019.png
592,images/00023316_004.png
593,images/00025295_002.png
594,images/00025849_043.png
595,images/00026132_019.png
596,images/00026670_001.png
597,images/00027213_025.png
598,images/00029431_003.png
599,images/00029981_002.png
600,images/00000181_001.png
601,images/00000232_000.png
602,images/00000545_004.png
603,images/00000733_003.png
604,images/00001409_002.png
605,images/00001998_000.png
606,images/00002395_021.png
607,images/00002395_036.png
608,images/00002739_001.png
609,images/00002760_000.png
610,images/00002763_002.png
611,images/00003675_000.png
612,images/00004048_012.png
613,images/00004065_011.png
614,images/00004973_001.png
615,images/00005646_019.png
616,images/00006258_000.png
617,images/00006787_000.png
618,images/00007109_006.png
619,images/00007498_000.png
620,images/00008267_000.png
621,images/00010995_001.png
622,images/00011087_001.png
623,images/00011700_001.png
624,images/00012437_000.png
625,images/00013429_000.png
626,images/00013582_000.png
627,images/00013884_003.png
628,images/00014022_070.png
629,images/00014870_002.png
630,images/00015166_004.png
631,images/00016691_001.png
632,images/00017946_000.png
633,images/00021024_001.png
634,images/00022537_001.png
635,images/00022914_003.png
636,images/00023853_000.png
637,images/00024012_000.png
638,images/00007352_000.png
639,images/00007712_002.png
640,images/00008015_000.png
641,images/00008694_002.png
642,images/00012833_000.png
643,images/00000181_017.png
644,images/00000181_035.png
645,images/00000246_011.png
646,images/00000250_005.png
647,images/00000268_001.png
648,images/00000360_008.png
649,images/00000459_037.png
650,images/00000490_000.png
651,images/00000820_003.png
652,images/00000872_006.png
653,images/00000915_004.png
654,images/00001006_002.png
655,images/00001006_028.png
656,images/00001087_000.png
657,images/00001149_000.png
658,images/00001230_007.png
659,images/00001255_017.png
660,images/00001255_018.png
661,images/00001301_013.png
662,images/00001338_002.png
663,images/00001526_007.png
664,images/00001558_003.png
665,images/00001582_004.png
666,images/00001692_000.png
667,images/00001958_014.png
668,images/00001984_011.png
669,images/00001989_002.png
670,images/00001992_012.png
671,images/00002003_008.png
672,images/00002300_016.png
673,images/00002354_000.png
674,images/00002403_000.png
675,images/00002405_003.png
676,images/00002424_010.png
677,images/00002479_002.png
678,images/00002482_004.png
679,images/00002486_000.png
680,images/00002491_007.png
681,images/00002529_020.png
682,images/00002547_006.png
683,images/00002594_005.png
684,images/00002688_002.png
685,images/00002913_001.png
686,images/00002919_004.png
687,images/00002980_001.png
688,images/00002980_002.png
689,images/00003028_038.png
690,images/00003028_051.png
691,images/00003109_000.png
692,images/00003129_001.png
693,images/00003392_039.png
694,images/00003393_020.png
695,images/00003523_012.png
696,images/00003523_027.png
697,images/00003534_036.png
698,images/00003758_002.png
699,images/00003789_002.png
700,images/00003794_000.png
701,images/00003923_018.png
702,images/00004006_053.png
703,images/00004340_005.png
704,images/00004344_023.png
705,images/00004381_038.png
706,images/00004392_000.png
707,images/00004435_020.png
708,images/00004508_003.png
709,images/00004509_000.png
710,images/00004800_003.png
711,images/00004832_004.png
712,images/00004858_016.png
713,images/00004978_005.png
714,images/00005029_003.png
715,images/00005049_001.png
716,images/00005066_052.png
717,images/00005094_003.png
718,images/00005243_000.png
719,images/00005248_001.png
720,images/00005306_000.png
721,images/00005378_001.png
722,images/00005391_000.png
723,images/00005400_006.png
724,images/00005400_008.png
725,images/00005448_004.png
726,images/00005456_000.png
727,images/00005665_001.png
728,images/00005682_011.png
729,images/00005712_024.png
730,images/00005746_003.png
731,images/00005778_031.png
732,images/00005944_000.png
733,images/00005963_023.png
734,images/00006180_001.png
735,images/00006271_014.png
736,images/00006271_018.png
737,images/00006271_066.png
738,images/00006271_095.png
739,images/00006315_008.png
740,images/00006329_014.png
741,images/00006344_002.png
742,images/00006372_002.png
743,images/00006372_005.png
744,images/00006391_000.png
745,images/00006504_006.png
746,images/00006720_005.png
747,images/00006906_021.png
748,images/00006926_010.png
749,images/00006952_008.png
750,images/00007157_032.png
751,images/00007193_007.png
752,images/00007193_012.png
753,images/00007286_013.png
754,images/00007304_002.png
755,images/00007442_016.png
756,images/00007816_006.png
757,images/00007816_007.png
758,images/00008008_068.png
759,images/00008067_006.png
760,images/00008291_000.png
761,images/00008304_007.png
762,images/00008357_000.png
763,images/00008399_006.png
764,images/00008626_019.png
765,images/00008701_011.png
766,images/00009012_008.png
767,images/00009305_000.png
768,images/00009321_013.png
769,images/00009507_017.png
770,images/00009551_010.png
771,images/00009599_000.png
772,images/00009608_042.png
773,images/00009727_037.png
774,images/00009889_040.png
775,images/00009911_005.png
776,images/00009953_026.png
777,images/00010007_010.png
778,images/00010092_042.png
779,images/00010315_004.png
780,images/00010367_010.png
781,images/00010373_000.png
782,images/00010384_029.png
783,images/00010417_001.png
784,images/00010427_015.png
785,images/00010475_040.png
786,images/00010530_020.png
787,images/00010531_069.png
788,images/00010698_014.png
789,images/00010718_002.png
790,images/00010805_015.png
791,images/00010841_009.png
792,images/00011021_006.png
793,images/00011140_014.png
794,images/00011144_022.png
795,images/00011167_008.png
796,images/00011391_013.png
797,images/00011391_062.png
798,images/00011497_000.png
799,images/00011598_038.png
800,images/00011606_014.png
801,images/00011632_022.png
802,images/00011702_045.png
803,images/00011719_022.png
804,images/00011731_006.png
805,images/00011810_007.png
806,images/00011959_005.png
807,images/00012010_008.png
808,images/00012021_026.png
809,images/00012054_000.png
810,images/00012082_001.png
811,images/00012146_002.png
812,images/00012260_000.png
813,images/00012280_014.png
814,images/00012304_006.png
815,images/00012320_004.png
816,images/00012364_003.png
817,images/00012591_001.png
818,images/00012635_012.png
819,images/00012834_083.png
820,images/00012834_148.png
821,images/00012863_023.png
822,images/00012874_002.png
823,images/00012880_007.png
824,images/00012907_017.png
825,images/00013062_004.png
826,images/00013073_005.png
827,images/00013197_001.png
828,images/00013226_000.png
829,images/00013249_039.png
830,images/00013305_006.png
831,images/00013374_000.png
832,images/00013420_000.png
833,images/00013520_000.png
834,images/00013572_006.png
835,images/00013572_007.png
836,images/00013594_042.png
837,images/00013594_047.png
838,images/00013601_017.png
839,images/00013616_027.png
840,images/00013616_044.png
841,images/00013625_034.png
842,images/00013625_048.png
843,images/00013648_013.png
844,images/00013670_050.png
845,images/00013685_033.png
846,images/00013774_035.png
847,images/00013826_007.png
848,images/00013844_000.png
849,images/00013855_004.png
850,images/00013917_044.png
851,images/00013952_003.png
852,images/00013992_021.png
853,images/00013993_002.png
854,images/00014149_007.png
855,images/00014149_035.png
856,images/00014149_044.png
857,images/00014203_039.png
858,images/00014251_008.png
859,images/00014346_024.png
860,images/00014346_034.png
861,images/00014387_007.png
862,images/00014414_004.png
863,images/00014571_002.png
864,images/00014684_001.png
865,images/00014721_001.png
866,images/00014732_003.png
867,images/00014764_004.png
868,images/00014897_001.png
869,images/00014947_000.png
870,images/00015031_000.png
871,images/00015032_002.png
872,images/00015146_001.png
873,images/00015160_022.png
874,images/00015171_009.png
875,images/00015171_020.png
876,images/00015646_055.png
877,images/00015700_023.png
878,images/00015732_037.png
879,images/00015732_038.png
880,images/00015818_001.png
881,images/00015929_005.png
882,images/00015956_012.png
883,images/00016014_015.png
884,images/00016034_000.png
885,images/00016064_019.png
886,images/00016079_007.png
887,images/00016124_003.png
888,images/00016142_027.png
889,images/00016240_001.png
890,images/00016291_055.png
891,images/00016492_000.png
892,images/00016601_001.png
893,images/00016784_002.png
894,images/00017138_110.png
895,images/00017207_014.png
896,images/00017236_063.png
897,images/00017236_095.png
898,images/00017331_000.png
899,images/00017405_014.png
900,images/00017405_028.png
901,images/00017504_043.png
902,images/00017526_000.png
903,images/00017575_002.png
904,images/00017584_001.png
905,images/00017608_004.png
906,images/00017635_004.png
907,images/00017691_021.png
908,images/00017709_012.png
909,images/00017714_008.png
910,images/00017718_001.png
911,images/00017818_001.png
912,images/00017852_034.png
913,images/00017920_008.png
914,images/00017950_001.png
915,images/00017981_031.png
916,images/00017985_008.png
917,images/00018111_000.png
918,images/00018153_000.png
919,images/00018157_000.png
920,images/00018187_060.png
921,images/00018226_000.png
922,images/00018237_035.png
923,images/00018253_063.png
924,images/00018300_000.png
925,images/00018312_009.png
926,images/00018319_003.png
927,images/00018421_006.png
928,images/00018507_001.png
929,images/00018509_002.png
930,images/00018525_005.png
931,images/00018734_000.png
932,images/00018840_032.png
933,images/00018989_006.png
934,images/00019018_001.png
935,images/00019044_001.png
936,images/00019045_003.png
937,images/00019113_000.png
938,images/00019130_001.png
939,images/00019150_008.png
940,images/00019151_002.png
941,images/00019176_062.png
942,images/00019176_079.png
943,images/00019190_000.png
944,images/00019308_013.png
945,images/00019336_000.png
946,images/00019363_040.png
947,images/00019415_002.png
948,images/00019507_000.png
949,images/00019550_001.png
950,images/00019562_001.png
951,images/00019565_000.png
952,images/00019576_024.png
953,images/00019576_030.png
954,images/00019576_043.png
955,images/00019618_000.png
956,images/00019619_000.png
957,images/00019710_000.png
958,images/00019710_001.png
959,images/00019711_000.png
960,images/00019766_001.png
961,images/00019825_001.png
962,images/00019846_000.png
963,images/00019863_009.png
964,images/00019865_009.png
965,images/00019912_000.png
966,images/00019961_004.png
967,images/00020052_003.png
968,images/00020076_001.png
969,images/00020094_005.png
970,images/00020130_009.png
971,images/00020159_001.png
972,images/00020177_001.png
973,images/00020186_000.png
974,images/00020197_001.png
975,images/00020209_005.png
976,images/00020243_004.png
977,images/00020405_003.png
978,images/00020408_066.png
979,images/00020415_001.png
980,images/00020430_000.png
981,images/00020482_006.png
982,images/00020520_003.png
983,images/00020523_000.png
984,images/00020565_000.png
985,images/00020705_000.png
986,images/00020826_000.png
987,images/00020904_010.png
988,images/00020945_023.png
989,images/00021006_018.png
990,images/00021018_000.png
991,images/00021113_000.png
992,images/00021163_000.png
993,images/00021185_007.png
994,images/00021201_014.png
995,images/00021201_027.png
996,images/00021253_003.png
997,images/00021255_004.png
998,images/00021261_000.png
999,images/00021291_000.png
1000,images/00021307_011.png
1001,images/00021358_000.png
1002,images/00021489_014.png
1003,images/00021528_002.png
1004,images/00021578_000.png
1005,images/00021586_000.png
1006,images/00021610_002.png
1007,images/00021637_001.png
1008,images/00021674_000.png
1009,images/00021676_000.png
1010,images/00021770_011.png
1011,images/00021835_027.png
1012,images/00021847_000.png
1013,images/00021857_002.png
1014,images/00021893_000.png
1015,images/00021988_005.png
1016,images/00022024_002.png
1017,images/00022166_001.png
1018,images/00022190_000.png
1019,images/00022208_010.png
1020,images/00022316_000.png
1021,images/00022333_000.png
1022,images/00022449_001.png
1023,images/00022499_002.png
1024,images/00022523_000.png
1025,images/00022590_000.png
1026,images/00022596_008.png
1027,images/00022604_014.png
1028,images/00022640_000.png
1029,images/00022729_001.png
1030,images/00022750_000.png
1031,images/00022785_004.png
1032,images/00022815_077.png
1033,images/00022816_000.png
1034,images/00022829_000.png
1035,images/00022857_002.png
1036,images/00022869_005.png
1037,images/00022963_000.png
1038,images/00023047_000.png
1039,images/00023057_000.png
1040,images/00023069_002.png
1041,images/00023074_001.png
1042,images/00023203_002.png
1043,images/00023271_009.png
1044,images/00023309_012.png
1045,images/00023309_015.png
1046,images/00023320_000.png
1047,images/00023916_000.png
1048,images/00024310_000.png
1049,images/00024537_000.png
1050,images/00024671_000.png
1051,images/00024740_000.png
1052,images/00024905_000.png
1053,images/00024964_000.png
1054,images/00025169_001.png
1055,images/00025181_006.png
1056,images/00025230_001.png
1057,images/00025238_019.png
1058,images/00025290_015.png
1059,images/00025322_001.png
1060,images/00025337_000.png
1061,images/00025386_000.png
1062,images/00025423_000.png
1063,images/00025444_007.png
1064,images/00025480_000.png
1065,images/00025499_000.png
1066,images/00025610_000.png
1067,images/00025717_000.png
1068,images/00025798_000.png
1069,images/00025849_037.png
1070,images/00025849_052.png
1071,images/00025861_000.png
1072,images/00025974_000.png
1073,images/00026031_003.png
1074,images/00026157_002.png
1075,images/00026179_005.png
1076,images/00026219_000.png
1077,images/00026232_036.png
1078,images/00026411_000.png
1079,images/00026541_000.png
1080,images/00026798_002.png
1081,images/00026810_011.png
1082,images/00026810_023.png
1083,images/00026820_002.png
1084,images/00026925_003.png
1085,images/00026928_001.png
1086,images/00027017_000.png
1087,images/00027045_001.png
1088,images/00027100_000.png
1089,images/00027110_000.png
1090,images/00027211_003.png
1091,images/00027213_017.png
1092,images/00027213_067.png
1093,images/00027236_000.png
1094,images/00027320_014.png
1095,images/00027415_045.png
1096,images/00027415_061.png
1097,images/00027498_000.png
1098,images/00027565_000.png
1099,images/00027566_002.png
1100,images/00027656_001.png
1101,images/00027659_000.png
1102,images/00027726_025.png
1103,images/00027726_057.png
1104,images/00027765_000.png
1105,images/00027905_002.png
1106,images/00027978_000.png
1107,images/00028000_001.png
1108,images/00028023_000.png
1109,images/00028039_000.png
1110,images/00028063_002.png
1111,images/00028095_000.png
1112,images/00028142_000.png
1113,images/00028210_000.png
1114,images/00028298_000.png
1115,images/00028350_001.png
1116,images/00028402_000.png
1117,images/00028485_006.png
1118,images/00028519_000.png
1119,images/00028539_000.png
1120,images/00028765_020.png
1121,images/00028833_000.png
1122,images/00029036_000.png
1123,images/00029142_006.png
1124,images/00029155_002.png
1125,images/00029174_003.png
1126,images/00029203_001.png
1127,images/00029380_000.png
1128,images/00029395_000.png
1129,images/00029408_001.png
1130,images/00029479_003.png
1131,images/00029563_001.png
1132,images/00029621_000.png
1133,images/00029713_001.png
1134,images/00029867_000.png
1135,images/00030097_000.png
1136,images/00030120_000.png
1137,images/00030146_002.png
1138,images/00030152_003.png
1139,images/00030200_001.png
1140,images/00030209_008.png
1141,images/00030220_000.png
1142,images/00030430_000.png
1143,images/00030471_004.png
1144,images/00030545_000.png
1145,images/00030789_000.png
1146,images/00000079_000.png
1147,images/00000618_007.png
1148,images/00000627_036.png
1149,images/00001075_004.png
1150,images/00001187_002.png
1151,images/00001214_000.png
1152,images/00001483_020.png
1153,images/00002032_014.png
1154,images/00002466_006.png
1155,images/00003045_003.png
1156,images/00003681_005.png
1157,images/00004592_000.png
1158,images/00004840_000.png
1159,images/00004858_082.png
1160,images/00004858_084.png
1161,images/00005298_013.png
1162,images/00005460_011.png
1163,images/00005721_003.png
1164,images/00005909_003.png
1165,images/00006338_002.png
1166,images/00006413_002.png
1167,images/00006519_024.png
1168,images/00006856_006.png
1169,images/00007417_005.png
1170,images/00007716_003.png
1171,images/00008081_006.png
1172,images/00008451_004.png
1173,images/00008463_001.png
1174,images/00008763_004.png
1175,images/00008841_051.png
1176,images/00009518_000.png
1177,images/00009796_000.png
1178,images/00009993_004.png
1179,images/00010032_010.png
1180,images/00010815_006.png
1181,images/00011125_000.png
1182,images/00011199_000.png
1183,images/00011291_002.png
1184,images/00011304_001.png
1185,images/00011622_007.png
1186,images/00011723_040.png
1187,images/00011939_001.png
1188,images/00012413_007.png
1189,images/00012891_001.png
1190,images/00012891_008.png
1191,images/00012892_012.png
1192,images/00013917_008.png
1193,images/00013931_002.png
1194,images/00014116_001.png
1195,images/00014125_039.png
1196,images/00014265_009.png
1197,images/00014265_010.png
1198,images/00014570_000.png
1199,images/00014663_023.png
1200,images/00014664_003.png
1201,images/00014798_010.png
1202,images/00015167_002.png
1203,images/00015605_056.png
1204,images/00016094_020.png
1205,images/00016251_000.png
1206,images/00016429_008.png
1207,images/00016481_003.png
1208,images/00016521_008.png
1209,images/00016550_025.png
1210,images/00016971_032.png
1211,images/00017064_005.png
1212,images/00017227_002.png
1213,images/00017423_004.png
1214,images/00017662_001.png
1215,images/00017685_005.png
1216,images/00018117_000.png
1217,images/00018249_008.png
1218,images/00018427_009.png
1219,images/00018607_001.png
1220,images/00018608_016.png
1221,images/00018650_000.png
1222,images/00018663_005.png
1223,images/00018748_000.png
1224,images/00018899_000.png
1225,images/00019373_025.png
1226,images/00019786_001.png
1227,images/00019805_002.png
1228,images/00019895_003.png
1229,images/00019959_003.png
1230,images/00021115_002.png
1231,images/00023309_007.png
1232,images/00025181_014.png
1233,images/00025505_001.png
1234,images/00025628_020.png
1235,images/00026068_000.png
1236,images/00026282_000.png
1237,images/00026432_004.png
1238,images/00026573_005.png
1239,images/00027833_018.png
1240,images/00028219_002.png
1241,images/00028258_002.png
1242,images/00029976_011.png
1243,images/00030045_000.png
1244,images/00030159_000.png
1245,images/00000556_000.png
1246,images/00000569_005.png
1247,images/00000954_005.png
1248,images/00001248_005.png
1249,images/00001836_100.png
1250,images/00001974_011.png
1251,images/00002066_014.png
1252,images/00002345_000.png
1253,images/00002716_000.png
1254,images/00003296_000.png
1255,images/00003296_002.png
1256,images/00003393_021.png
1257,images/00003550_000.png
1258,images/00003896_005.png
1259,images/00004001_001.png
1260,images/00004086_000.png
1261,images/00004132_006.png
1262,images/00004328_003.png
1263,images/00004911_028.png
1264,images/00004995_000.png
1265,images/00005107_000.png
1266,images/00005218_012.png
1267,images/00005218_013.png
1268,images/00005218_020.png
1269,images/00005311_005.png
1270,images/00005403_027.png
1271,images/00005682_009.png
1272,images/00005970_006.png
1273,images/00006296_029.png
1274,images/00006338_003.png
1275,images/00006446_004.png
1276,images/00006903_001.png
1277,images/00006905_001.png
1278,images/00006925_004.png
1279,images/00007093_006.png
1280,images/00008008_059.png
1281,images/00008036_004.png
1282,images/00008188_001.png
1283,images/00008535_012.png
1284,images/00008626_024.png
1285,images/00008636_003.png
1286,images/00008675_005.png
1287,images/00009021_003.png
1288,images/00009397_012.png
1289,images/00009552_000.png
1290,images/00009640_005.png
1291,images/00009723_000.png
1292,images/00009860_000.png
1293,images/00009912_001.png
1294,images/00010162_000.png
1295,images/00010284_000.png
1296,images/00010335_000.png
1297,images/00010775_004.png
1298,images/00010815_021.png
1299,images/00010888_007.png
1300,images/00011588_000.png
1301,images/00011993_000.png
1302,images/00012227_001.png
1303,images/00012284_000.png
1304,images/00012304_008.png
1305,images/00012594_001.png
1306,images/00012704_015.png
1307,images/00013714_009.png
1308,images/00013888_000.png
1309,images/00013904_006.png
1310,images/00013951_001.png
1311,images/00013961_000.png
1312,images/00014004_013.png
1313,images/00014264_013.png
1314,images/00014306_004.png
1315,images/00014438_005.png
1316,images/00014771_009.png
1317,images/00014844_000.png
1318,images/00015070_006.png
1319,images/00015101_000.png
1320,images/00015555_000.png
1321,images/00015556_021.png
1322,images/00015754_008.png
1323,images/00016079_014.png
1324,images/00016240_002.png
1325,images/00016403_001.png
1326,images/00016445_003.png
1327,images/00016486_020.png
1328,images/00016494_002.png
1329,images/00016550_008.png
1330,images/00016550_019.png
1331,images/00016578_000.png
1332,images/00016811_005.png
1333,images/00016814_000.png
1334,images/00017123_002.png
1335,images/00017138_053.png
1336,images/00017484_000.png
1337,images/00017557_002.png
1338,images/00017645_007.png
1339,images/00017691_010.png
1340,images/00017747_031.png
1341,images/00018451_000.png
1342,images/00018765_003.png
1343,images/00019124_018.png
1344,images/00019176_005.png
1345,images/00020047_002.png
1346,images/00020163_000.png
1347,images/00020393_001.png
1348,images/00020398_001.png
1349,images/00020405_017.png
1350,images/00020848_000.png
1351,images/00020945_017.png
1352,images/00021251_002.png
1353,images/00021494_007.png
1354,images/00021672_000.png
1355,images/00021980_000.png
1356,images/00022208_005.png
1357,images/00022919_002.png
1358,images/00023033_002.png
1359,images/00023033_010.png
1360,images/00023162_023.png
1361,images/00023296_000.png
1362,images/00023722_002.png
1363,images/00025394_002.png
1364,images/00025448_001.png
1365,images/00025505_004.png
1366,images/00025514_008.png
1367,images/00025812_004.png
1368,images/00026004_007.png
1369,images/00026602_000.png
1370,images/00026713_007.png
1371,images/00026954_005.png
1372,images/00027290_000.png
1373,images/00027300_000.png
1374,images/00027415_025.png
1375,images/00027621_000.png
1376,images/00027930_002.png
1377,images/00028207_001.png
1378,images/00028271_003.png
1379,images/00028392_000.png
1380,images/00028545_002.png
1381,images/00028601_000.png
1382,images/00028696_001.png
1383,images/00028774_012.png
1384,images/00029159_003.png
1385,images/00029310_000.png
1386,images/00029579_006.png
1387,images/00030079_049.png
1388,images/00030301_000.png
1389,images/00000649_000.png
1390,images/00000807_000.png
1391,images/00000981_002.png
1392,images/00001990_002.png
1393,images/00002003_005.png
1394,images/00002015_005.png
1395,images/00002835_003.png
1396,images/00003098_004.png
1397,images/00003177_002.png
1398,images/00003678_001.png
1399,images/00003688_002.png
1400,images/00004507_000.png
1401,images/00004750_000.png
1402,images/00004832_003.png
1403,images/00006767_001.png
1404,images/00006906_020.png
1405,images/00007109_021.png
1406,images/00007679_010.png
1407,images/00008230_022.png
1408,images/00008729_002.png
1409,images/00008748_012.png
1410,images/00009488_000.png
1411,images/00009606_011.png
1412,images/00009882_001.png
1413,images/00010007_057.png
1414,images/00010967_011.png
1415,images/00011385_002.png
1416,images/00011436_004.png
1417,images/00011693_000.png
1418,images/00011955_000.png
1419,images/00012092_001.png
1420,images/00012113_000.png
1421,images/00012120_000.png
1422,images/00012505_005.png
1423,images/00012709_000.png
1424,images/00012834_105.png
1425,images/00014452_013.png
1426,images/00015192_002.png
1427,images/00015375_004.png
1428,images/00015478_000.png
1429,images/00015486_000.png
1430,images/00016438_002.png
1431,images/00017846_004.png
1432,images/00017972_040.png
1433,images/00018627_011.png
1434,images/00018829_018.png
1435,images/00018949_002.png
1436,images/00019238_019.png
1437,images/00019242_020.png
1438,images/00019437_007.png
1439,images/00020363_001.png
1440,images/00020745_001.png
1441,images/00020791_001.png
1442,images/00021047_006.png
1443,images/00021610_016.png
1444,images/00022173_000.png
1445,images/00022526_006.png
1446,images/00022600_001.png
1447,images/00022753_000.png
1448,images/00023009_003.png
1449,images/00025115_000.png
1450,images/00025485_000.png
1451,images/00027446_002.png
1452,images/00027584_008.png
1453,images/00028505_012.png
1454,images/00008470_008.png
1455,images/00011702_043.png
1456,images/00012158_025.png
1457,images/00012667_000.png
1458,images/00012733_000.png
1459,images/00014201_008.png
1460,images/00017714_019.png
1461,images/00019021_001.png
1462,images/00019865_013.png
1463,images/00021127_018.png
1464,images/00022192_032.png
1465,images/00022877_014.png
1466,images/00026179_003.png
1467,images/00028924_005.png
1468,images/00000118_011.png
1469,images/00000372_002.png
1470,images/00000467_013.png
1471,images/00000832_005.png
1472,images/00001968_000.png
1473,images/00001972_001.png
1474,images/00002046_003.png
1475,images/00002106_001.png
1476,images/00002290_003.png
1477,images/00002331_001.png
1478,images/00002355_002.png
1479,images/00002355_006.png
1480,images/00002817_012.png
1481,images/00003011_004.png
1482,images/00003191_001.png
1483,images/00003574_012.png
1484,images/00003659_013.png
1485,images/00003856_000.png
1486,images/00004088_001.png
1487,images/00004169_000.png
1488,images/00004342_051.png
1489,images/00005051_003.png
1490,images/00005140_001.png
1491,images/00005395_007.png
1492,images/00005801_002.png
1493,images/00005801_005.png
1494,images/00006762_004.png
1495,images/00007056_007.png
1496,images/00007576_015.png
1497,images/00007670_002.png
1498,images/00007670_014.png
1499,images/00007676_012.png
1500,images/00007830_002.png
1501,images/00008013_001.png
1502,images/00008230_018.png
1503,images/00008295_021.png
1504,images/00008566_009.png
1505,images/00008748_006.png
1506,images/00008841_054.png
1507,images/00008866_004.png
1508,images/00009231_008.png
1509,images/00009736_016.png
1510,images/00009890_002.png
1511,images/00009917_006.png
1512,images/00009959_006.png
1513,images/00010123_003.png
1514,images/00010270_006.png
1515,images/00010384_013.png
1516,images/00010548_000.png
1517,images/00010695_013.png
1518,images/00010697_009.png
1519,images/00010767_011.png
1520,images/00011355_012.png
1521,images/00011379_039.png
1522,images/00011454_003.png
1523,images/00011460_021.png
1524,images/00011460_044.png
1525,images/00011814_009.png
1526,images/00011831_007.png
1527,images/00012687_011.png
1528,images/00013209_013.png
1529,images/00013282_004.png
1530,images/00013855_006.png
1531,images/00013924_003.png
1532,images/00014358_016.png
1533,images/00015530_114.png
1534,images/00015530_147.png
1535,images/00015606_039.png
1536,images/00016122_008.png
1537,images/00016587_023.png
1538,images/00016587_024.png
1539,images/00017137_008.png
1540,images/00018055_023.png
1541,images/00018263_003.png
1542,images/00018472_003.png
1543,images/00018921_041.png
1544,images/00019680_001.png
1545,images/00019927_008.png
1546,images/00020146_004.png
1547,images/00020286_004.png
1548,images/00021748_000.png
1549,images/00021770_015.png
1550,images/00021782_027.png
1551,images/00022141_024.png
1552,images/00022668_000.png
1553,images/00022726_009.png
1554,images/00022734_001.png
1555,images/00022881_001.png
1556,images/00023009_006.png
1557,images/00023065_031.png
1558,images/00024749_000.png
1559,images/00025368_032.png
1560,images/00025954_008.png
1561,images/00026132_029.png
1562,images/00026222_009.png
1563,images/00026683_004.png
1564,images/00026886_010.png
1565,images/00027066_012.png
1566,images/00027093_001.png
1567,images/00027213_046.png
1568,images/00027542_011.png
1569,images/00027833_015.png
1570,images/00027971_000.png
1571,images/00028544_014.png
1572,images/00028640_004.png
1573,images/00029437_005.png
1574,images/00029808_001.png
1575,images/00029863_021.png
1576,images/00029998_006.png
1577,images/00030076_000.png
1578,images/00030077_002.png
1579,images/00030279_010.png
1580,images/00030606_013.png
1581,images/00030636_010.png
